	カード名	タイプ	属性	クラス	コスト	AT	DF/HP	SP	テキスト	備考欄
1	鉛の玉座	土地		スタートポイント						スタートポイントは１枚だけ、必ずデッキに入れなければならない
2	荒野	土地		基本地形						基本地形は何枚デッキに入れてもよい
3	山脈	土地	火	基本地形						
4	草原	土地	地	基本地形						
5	高地	土地	風	基本地形						
6	水辺	土地	水	基本地形						
7	街道	土地	闇	基本地形						
8	拝灯会の騎士ズアン	ユニット、ヒーロー	火	ウォーリアー		3	18	1	-果敢な行進 : このユニットがこのターンの移動フェイズで、１度でも前方に移動したなら、ターン終了時まで、全ての自軍ユニットのAT+1	
9	拝灯会の参謀ブズ	ユニット、ヒーロー	火	ローグ、ゴルサール		2	15	1	"+増援 コスト3T : このターン、あなたが火属性か、ローグか、ゴルサールの召喚スキルを使用するためのコストは１減少する。（０より小さくはならない）
-あなたがゴルサールの召喚に成功する度、カードを１枚引く。"	
10	パイロマンサーシレン	ユニット、ヒーロー	火	メイジ		1	15	1	"+飛沫撃 ライン2 T R：対象のユニットに１ダメージ
+黒炎弾 ライン3 コスト3T : 対象のユニットに2ダメージ
+炎の拳 ライン1 コスト3 : 対象のユニットに1ダメージ"	
11	流浪の巫女アリア	ユニット、ヒーロー	火	プリースト		1	16	1	"+煉書　T : 対象の対戦相手は、対戦相手のスキルテーブルのスキル一つをスキルブックの一番下に戻すか、1ダメージを受けるか選択する。
どのスキルを戻すかは、対戦相手が決める。"	
12	拝灯会の槍兵	ユニット	火	ウォーリアー	2	2	1	1		
13	怒り狂うゴルサール	ユニット	火	ゴルサール	2	1	1	2	-各プレイヤーの移動フェイズ開始時、これをレスポンススキルとして召喚してよい。	
14	石投げゴルサール	ユニット	火	ゴルサール	3	1	1	1	遠隔攻撃　ライン２	
15	岩落としゴルサール	ユニット	火	ウォーリアー、ゴルサール	4	2	1	1	+T　ライン２：対象のユニットに２ダメージ	
16	錆びた刃のゴルサール	ユニット	火	ウォーリアー、ゴルサール	3	2	1	2		
17	膨張するゴルサール	ユニット	火	ゴルサール	4	2	1	1	-このユニットが破壊された時、このユニットからエリア１にいる全てのゴルサールを、可能であれば1マス強制移動させる。その後、このユニットからエリア1にいる全てのユニットに２ダメージ	
18	拝灯会の重戦士	ユニット	火	ウォーリアー	4	1	4	1	-このユニットが消耗状態の時、AT+1	
19	拝灯会の忠犬	ユニット	火	ビースト	4	2	2	2		
20	拝灯会の騎兵	ユニット	火	ウォーリアー	5	2	2	2	"-反撃
-このユニットが反撃する時、AT+1"	
21	ゴルサールの乱闘好き	ユニット	火	ゴルサール	5	3	3	1	-このユニットからライン３にいる自軍ユニットが戦闘を行う時、コスト３を支払っても良い。そうした場合、代わりにこのユニットが戦闘に参加した事にする。	
22	山穿つ者ググ	ユニット、キャスト	火	ゴルサール、メイジ	7	1	3	1	+コスト3 T R : このユニットと同じエリアにある火属性の土地一つを対象とし、破壊する。その土地が破壊された場合、その上にいるユニットに3ダメージ	
23	焼き討ちゴルサール	ユニット	火	ゴルサール	5	1	2	2	+コスト3 T R : あなたのエリアにある火属性か地属性の土地一つを対象とし破壊する。その土地が破壊された場合、その上に居るユニットに3ダメージ	
24	炎撃ちの魔術師	ユニット	火	メイジ	5	1	2	1	+コスト２ ライン3 T : 対象のユニットに２ダメージ	
25	エリートゴルサール	ユニット	火	ウォーリアー、ゴルサール	5	5	2	1		
26	拝灯会の騎士	ユニット	火	ウォーリアー	6	4	5	1		
27	騎士団長ブルーク	ユニット、キャスト	火	ウォーリアー	8	5	6	1	+飛沫撃 ライン２ T R : 対象のユニットに1ダメージ	
28	シバ山のドラゴン	ユニット	火	ドラゴン	9	6	6	2	"-飛行
-遠隔攻撃 ライン２
+ ライン１ T コストを好きなだけ支払う : 対象の火属性以外のユニットに、支払ったコストに等しいダメージ"	
29	石の雨	スキル	火		3				ライン３：対象の土地を破壊する。	
30	炎の矢	スキル	火		1				ライン２：対象のユニットに２ダメージ	
31	熱波の矢	レスポンススキル	火		3				ライン２：対象のユニットに２ダメージ	
32	ショック	レスポンススキル	火		5				対象のユニットに2ダメージ	
33	火炎地獄	スキル	火		4				エリア１にいる全てのユニットに２ダメージ	
34	ファイヤーボール	スキル	火		10(6)				ライン３：対象のユニットに３ダメージ。その後、そのユニットからライン１にいる全てのユニットに１ダメージ	
35	連鎖する稲妻	スキル	火	メイジ	8(6)				"ライン３：対象のユニットに２ダメージ。
その後、そのユニットからライン１にいる、このターンこのスキルの効果を受けていないユニット1体を対象とし、２ダメージを与える。この効果を、対象が居なくなるか、望むまで繰り返す。"	
36	ブラストフレイム	スキル	火		8				ライン１：対象のユニットに5ダメージ	
37	炎の槍	スキル	火		5				ライン３ P： 対象のユニットに３ダメージを与え、貫通した全てのユニットに１ダメージ	
38	炎の渦	スキル	火		5				"ライン２ P： 対象の地点に、以下の能力を持つオブジェクトを生成する。
　炎の渦 通行可能オブジェクト コスト５
　- 次のあなたのターン開始時、このオブジェクトを破壊する。その後、このオブジェクトの上に居るユニットに5ダメージ"	
39	業火斬り	スキル	火		10				ライン１　対象のユニットに6ダメージ	
40	炎撃ちの杖	バインドスキル	火		10(4)				"バインドされたユニットはAT+1とともに、以下の能力を得る
 + ライン２ T R : 対象のユニットに2ダメージ"	
41	紅蓮の法具	バインドスキル	火	ウォーリアー	15(8)				"ヒーローか、ウォーリアーにのみバインド出来る。
バインドされたユニットはAT+2 DF+2"	
42	命の燃焼	バインドスキル	火	メイジ	4				"ライン１：ヒーローにだけバインド出来る。バインドされたヒーローは、以下の能力を持つ
 + HPを1失う：　ターン終了時までAT+1"	
43	インフェルノ	スキル	火	メイジ	15(10)				全てのユニットに５ダメージを与える。	
44	身を焦がす狂信	スキル	火	プリースト	4				"対象のあなたのユニット１体のSP+2
ターン終了時、そのユニットを破壊する"	
45	大地裂斬	スキル	火	ウォーリアー	12(8)				全ての火属性の土地を破壊する	
46	沸騰する砂地	土地	火						この土地が探索された時、この上に居るユニットに４ダメージ	
47	熱源地帯	土地	火						"この上に居るユニットは、各プレイヤーのターン開始時に１ダメージ
この上に移動したユニットは１ダメージ"	
48	地雷原	土地	火						この土地が探索されたとき、この土地を破壊する。その後、この土地からライン１にいる全てのユニットに２ダメージ	
49	酸の海	土地	火						"この上に移動したユニットはターン終了時まで AT-2
もしそのユニットがヒーローなら、そのヒーローは手札かスキルテーブルを１枚捨てる。

"	
50	イール=ロウ=クレイア	ユニット、ヒーロー	地	ウォーリアー、メイジ		2	18	1	"+サモンウォール TR:　以下の能力を持つオブジェクトを召喚する
　ストーンウォール　地　オブジェクト 0/3"	
51	エルー=クレイア	ユニット、ヒーロー	地	メイジ		1	14	1	"+サモンスケルトン　コスト２　以下の能力を持つユニットを召喚する
　スケルトン　地　ユニット　アンデッド　1/1 SP1
+サモンゾンビドッグ　コスト３　以下の能力を持つユニットを召喚する
　ゾンビドッグ　地　ユニット　アンデッド、ビースト　2/1　SP2
-あなたはこのヒーローのアビリティを、追加コストとしてT支払うことでレスポンススキルとして使用できる"	
52	アーティ=クレイア	ユニット、ヒーロー	地	プリースト、メイジ		1	14	1	"+サモンゾンビ　コスト4　以下の能力を持つユニットを召喚する
　ゾンビ　地　ユニット　アンデッド　2/2 SP1
+秘めた獣性　コスト6
　このヒーローに乗っている全てのダメージと効果を取り除く。
　その後、このヒーローをゲームから取り除く。これによって「アーティ=クレイア」が取り除かれた場合、ゲーム外から「狂戦士アーティ」という名前のヒーローを、このヒーローが居た位置へ配置する。
　その後、この効果によって取り除いたダメージと効果を、そのヒーローへ乗せる。"	
53	狂戦士アーティ	ユニット、ヒーロー	地	バーサーカー		5	14	2	"-反撃
-バーサーカーは、バーサーカースキルしか使用出来ない。
+作られた生け贄　T：追加コストとして、ライン１にいるあなたのアンデッド一体を生け贄にする。そうした場合、このヒーローのHP+3"	
54	クレイアの小間使いアリア	ユニット、ヒーロー	地	メイジ		1	16	1	"+拘束糸の魔法　ライン３T　R：　対象のヒーローでないユニットは、このターンこれ以上移動出来ない
+結束糸の魔法　TR：　対象のあなたのユニットは、ターン終了時までDF+2"	
55	ポケットライオン	ユニット	地	ビースト	2	1	1	1	+ * : 最大５まで、好きなだけコストを支払う。ターン終了時まで、支払ったコスト１につきAT+1	
56	コタリス	ユニット	地	ビースト	2	1	3	1		
57	小間犬	ユニット	地	ビースト	1	1	1	1		
58	はらぺこひつじ	ユニット	地	ビースト	3	1	3	1	-このユニットが草原の上にいる場合、それを破壊してもよい。そうした場合、このユニットはターン終了時まで+3/+2	
59	草原の商人	ユニット	地	町人	3	1	2	1	"+ T: このユニットがいる探索済みの土地一つを草原に置き換える
-このユニットが草原の上にいる状態で、いずれかのヒーローがこのユニットのエリア１に移動した時、そのヒーローはカードを１枚引く。"	
60	ブルタリス	ユニット	地	ビースト	4	2	4	1		
61	クレイア院の番兵	ユニット	地	ウォーリアー	4	3	3	1		
62	遠見の鷹	ユニット	地	ビースト	2	0	1	2	"-飛行
+ライン1T：対象の土地一つを探索する"	
63	樹木の魔術師	ユニット	地	メイジ	4	2	3	1	"-このユニットが地属性の土地に居る時、以下の能力を持つ
 遠隔攻撃　ライン３"	
64	銅胴ワーム	ユニット	地	ビースト	5	4	5	1		
65	手乗りライオン	ユニット	地	ビースト	5	2	3	1	+ * : 最大8まで、好きなだけコストを支払う。ターン終了時まで、支払ったコスト１につきAT+1	
66	銀胴ワーム	ユニット	地	ビースト	8	5	6	1	-飛行ユニットを通常攻撃出来る	
67	金胴ワーム	ユニット	地	ビースト	12	7	10	1	-飛行ユニットを通常攻撃出来る	
68	クレイア院の召喚術師	ユニット	地	メイジ	7	1	3	1	"+ コスト４T：　以下の能力を持つユニットを召喚する
　スケルトン　地　ユニット　アンデッド　1/1 SP1"	
69	執事エト	ユニット、キャスト	地	アンデッド	8	3	3	1	"-このユニットが地属性の土地の上に居る限り、+1/+1
-このユニットがあなたのエリアに居る限り、+1/+1
-対戦相手のターンの間、+1/+1"	
70	灰色熊	ユニット	地	ビースト	2	2	2	1		
71	森林のタンダード	ユニット	地	ビースト	3	3	3	1		ユニットの強さの指標をはかるためのデバッグ用ユニット
72	高原のタンダード	ユニット	地	ビースト	4	4	4	1		
73		ユニット	地	ビースト	5	5	5	1		
74		ユニット	地	ビースト	6	6	6	1		
75		ユニット	地	ビースト	7	7	7	1		
76	ポニーライオン	ユニット	地	ビースト	8	3	5	1	+ * : 最大10まで、好きなだけコストを支払う。ターン終了時まで、支払ったコスト１につきAT+1	
77	グルタリス	ユニット	地	ビースト	11	1	12	1		
78	ミントの幼生	ユニット	地	ミント	2	1	1	0		
79	ミントの妖精	ユニット	地	フェアリー、ミント	4	0	1	1	フィールド上のミント一つにつき、このユニットはAT+1	
80	肉体強化	バインドスキル	地		3				対象のヒーローでないユニットは+1/+1	
81	巨大化	レスポンススキル	地		3				対象のユニットはターン終了時まで+3/+3	
82	変成	スキル	地		3				ライン１　対象のヒーローでないユニットは、ターン終了時まで+3/+3 SP+1	
83	眠る獣性	スキル	地		3				"あなたのブックからビースト一体を探し出し、スキルテーブルに加える。
その後デッキを良く切る。"	
84	蘇る野性	スキル	地		5				あなたの墓地にある地属性のユニット一体を召喚する	
85	活性化	スキル	地		6				あなたの墓地にあるアンデッド一体を召喚する	
86	ぶんなぐり	スキル	地	バーサーカー	3				ライン１　対象のユニットに５ダメージ	
87	けりとばし	スキル	地	バーサーカー	2				ライン２　対象のユニットに1ダメージを与える。その後、そのユニットを、可能であればそのユニットを１マス強制移動させる。	
88	剣の舞	スキル	地	バーサーカー	6				エリア１　エリア内の全てのユニットに４ダメージ	
89	突撃	スキル	地	バーサーカー	8				"以下のいずれかを選ぶ
　・あなたのヒーローを１マス移動させる
　・あなたのヒーローは通常戦闘を行う

上記の効果を３回繰り返す"	
90	激震	スキル	地	バーサーカー	4				エリア１　エリア内の全ての土地を破壊する	
91	緑化推進	スキル	地		2				対象の探索済みの土地１つを草原に置き換える	
92	戦場の霧	スキル	地		2				あなたのエリアの土地一つを対象とし、それを未探索にする	
93	濃霧	スキル	地		6				あなたのエリアの土地全てを対象とし、それらを未探索にする	
94	警戒態勢	レスポンススキル	地		6				"ターン終了時まで、あなたのエリアにいるあなたのユニットは、あなたのエリアに居る限り+1/+1され、以下の能力を持つ
- 反撃
- 飛行ユニットを通常攻撃出来る"	
95	トランプル	バインドスキル	地	ウォーリアー	6				"対象のユニットは以下の能力を持つ
-このユニットが通常攻撃によってユニットを破壊した場合、可能であればそのユニットが居たマスへ移動する"	
96	最後の軍勢	スキル	地	メイジ	20(12)				"あなたがあなたのエリアに居るなら、あなたのゴールライン全てのマスに、可能であれば以下の能力を持つユニットを召喚する
 スケルトン　ユニット　地　アンデッド　1/1 SP1"	
97	墓場の主	スキル	地	メイジ	12(8)				"あなたの墓地のユニット全てをゲームから除外する。その後、以下の能力を持つユニットを召喚する。Xは、このカードの効果によって取り除かれたユニットの数である。
　墓場の主　ユニット　地　アンデッド　X/X+1 SP1"	
98	アンプリファイダメージ	呪い	地	メイジ	4				この呪いを受けているヒーローがダメージを受けるたびに、1ダメージ	
99	根の襲撃	土地	地						"-この土地が探索された時、この上にいるユニットは、そのターン、それ以上移動出来ない。
+ コスト３：　この上にユニットが居ない場合、これを未探索にする"	
100	腐葉土の沼	土地	地						この上にいるヒーローでないユニットは、それ以上移動出来ない	
101	樹上からの斉射	土地	地						"この土地が探索された時、この上にいるユニットに１ダメージ。
この上に居るユニットが飛行を持つ場合、代わりに６ダメージ"	
102	クレイア院の保養地	土地	地						この上にいるユニットは+1/+2	
103	ミント畑	土地	地						"-この土地はミントである
-あなたのターン開始時、この土地からライン１にある土地一つを対象とし、それをこの土地のコピーと置き換えても良い。
+コスト３：この土地のコピー一つを対象とし、それを破壊する。このアビリティは、全てのプレイヤーが使用できる"	
104	クレイア院の宿舎	土地	地						+この上に居る、ヒーローではないあなたのメイジ１体をデッキに戻す：　カードを１枚引く　カードを１枚引く	
105	風纏いのソウ	ユニット、ヒーロー	風	ウォーリアー、ウンジョウ		2	15	1	"+ 飛翔　コスト４：　ターン終了時まで飛行を持つ
- 追い風：　風属性の土地に居る、あなたのヒーローでないユニットはSP+1"	
106	風使いのシロ	ユニット、ヒーロー	風	メイジ、ウンジョウ		1	13	1	+ つむじ風　コストTR：中立エリアにいる風属性でない全てのユニットに１ダメージ	
107	風患いのウロ	ユニット、ヒーロー	風	プリースト、ウンジョウ		1	11	0	"+ がんばる　コスト３：ターン終了時まで、このユニットのSPは2になる
- 神風：あなたのエリアに居る限り、このユニットは射程を持つスキルやアビリティの対象にならない"	
108	フーテンのアリア	ユニット、ヒーロー	風	ローグ		2	16	1	"+ ぶらりたび　コスト５　ライン３T：対象のマスへ可能であればこのユニットを強制移動させる
+ みせじまい　TR：あなたの後方へ可能であればこのユニットを強制移動させる"	
109	高台の先兵	ユニット	風	ウォーリアー、ウンジョウ	2	1	1	2	-対戦相手が呪いを解除するためのコスト+1	
110	高台の見張り	ユニット	風	ウンジョウ	2	1	1	1	-飛行	
111	銀星の弓兵	ユニット	風	ウンジョウ	4	1	2	1	-遠隔攻撃２	
112	メッサーハヤブサ	ユニット	風	ビースト	4	1	1	2	"-反撃
-このユニットが攻撃された場合、まず反撃を行う-"	
113	触れられぬもの	ユニット	風	メイジ	7	1	3	1	+ T: このユニットからエリア１にいる全ての飛行を持たないユニットを、好きな方向へ1マス強制移動させる	
114	雲の民兵団	ユニット	風	ウンジョウ	5	2	3	1	-このユニットが消耗していない場合、飛行を持つ	
115	金星の弓兵	ユニット	風	ウンジョウ	6	2	3	1	-遠隔攻撃３	
116	ウンジョウの騎士	ユニット	風	ウォーリアー、ウンジョウ	6	3	4	2	-飛行	
117	風化の仕掛け人	ユニット	風	ローグ	4	1	3	1	+ ライン２Ｔ：対象の地属性か火属性の土地一つを破壊する	
118	剛の射手シュウロ	ユニット、キャスト	風	ウォーリアー、ウンジョウ	8	2	4	2	-遠隔攻撃５	
119	柔の射手シュウル	ユニット、キャスト	風	ウォーリアー、ウンジョウ	8	1	4	2	"-遠隔攻撃3
-このユニットが遠隔攻撃を行う対象を選択するとき、それは貫通を持つ。"	
120	ブロンズトンボ	ユニット	風	虫	4	1	1	4	-飛行	
121	後方からの突風	スキル	風		8(3)				このターン、あなたの全てのユニットの遠隔攻撃の射程＋１	
122	天からの狙撃	スキル	風	ウンジョウ	5				このターン、あなたの全てのユニットが持つ射程＋１	
123	火矢	スキル	風		6(4)				このターン、遠隔攻撃を持つ全てのユニットのAT+1	
124	エアカッター	スキル	風		3				ライン３Ｐ　対象のユニットに１ダメージ	
125	霊魂加速	スキル	風		12(6)				追加コストとしてHPを3支払う。そうした場合、ターン終了時まであなたのSPは、もともとのSP＋１になる	
126	発力風	スキル	風		4				ライン３　対象のユニットを、そのユニットの後方か横方向に1マス強制移動させる	
127	変幻する竜巻	レスポンススキル	風	メイジ	7				ライン３　対象のユニットを、1マス強制移動させる	
128	滑空砲	スキル	風		6				"ライン１にいるヒーローではないあなたのユニット1体を対象とする。そのユニットをあなたの前方に最大４マス強制移動させる。
このとき、途中で他のユニットに接触する場合はその時点で移動を止めてもよい。そうした場合、接触したユニットに5ダメージ。このダメージが発生した場合、このカードの効果で強制移動したユニットを破壊する"	
129	守りの風	レスポンススキル	風	プリースト	6(5)				このターン、あなたのヒーローは遠隔攻撃と射程を持つスキルやアビリティの対象にならない	
130	真結界風陣	レスポンススキル	風	プリースト	10(6)				このターン、あなたのユニットは遠隔攻撃と射程を持つスキルやアビリティの対象にならない	
131	見えない刃	スキル	風	ウォーリアー	14(10)				このターン、あなたの全てのユニットは遠隔攻撃２を持つ	
132	横倒しの竜巻	スキル	風	メイジ	14(9)				ライン１で選択した方向1列の全てのユニットに2ダメージ。その後、これによってダメージを受けた全てのユニットを1マス強制移動させる。強制移動できないユニットがいた場合、そのユニットは追加で3ダメージ	
133	ウンジョウの詰め所	土地	風						この上にいるウンジョウは+1/+1	
134	高台	土地	風						この上にいるユニットは、遠隔攻撃の射程+1と、貫通効果を得る	
135	砂嵐溜まり	土地	風						この上にいるユニットは、各プレイヤーのターン開始時に1ダメージを受ける	
136	矛僧兵テンケイ	ヒーロー	水	ウォーリアー		3	15	1	"+予見　Ｔ：あなたか対戦相手のブックの一番上のカードを見てもよい
+瞑想　Ｔ：ターン終了時まで、このユニットは追加でプリーストになる"	
137	審言師マオ	ヒーロー	水	プリースト		2	15	1	+神託　Ｔ：カードを1枚引く	
138	破戒僧レンガイ	ヒーロー	水	プリースト、メイジ、ローグ		2	20	1		
139	見習僧兵アリア	ヒーロー	水	ウォーリアー		2	16	1	"+盲目的信仰　コスト３Ｔ：対象の呪い一つを破壊する
+瞑想　Ｔ：ターン終了時まで、このユニットは追加でプリーストになる"	
140	門下生	ユニット	水	プリースト	3	1	2	1		
141	老僧兵	ユニット	水	ウォーリアー	5	1	1	1	-このユニットが受けているオーラスキル一つにつき、DF+1	
142	水辺の商人	ユニット	水	町人	4	1	2	1	-このユニットが水属性の土地の上にいる場合、全てのプレイヤーは切り札を2枚持てるようになる	
143	寺院の香具師	ユニット	水	ローグ	6	1	2	2	-このユニットが対戦相手のエリアにいる限り、対戦相手のスキルテーブルの最大枚数-1	
144	師範代	ユニット	水	プリースト	6	4	4	1		
145	古の生霊	ユニット	水	ジン	10	5	6	1	-飛行	
146	カヌマートの顕現	ユニット、キャスト	水	エレメンタル	12	8	8	1	"-飛行
-あなたのターン開始時、あなたのエリアにプリーストが５体以上いない場合、このユニットを生贄にする"	
147	強制脱出措置	レスポンススキル	水		3(1)				あなたのエリアにいるあなたのヒーローではないユニット１体を送還する。	
148	ブメラーン	レスポンススキル	水		4				対象のヒーローではないユニットを送還する	
149	荘厳な経文	レスポンススキル	水		4				対象のユニットを消耗状態か活動状態にする	
150	颯の戒律	オーラスキル	水		5				-対戦相手のエリアにいるあなたのユニットはAT+1	
151	実りの戒律	オーラスキル	水		6				-あなたのエリアにいるあなたのユニットはDF+1	
152	対抗技能	レスポンススキル	水		6				対象のスキル一つを打ち消す	
153	対抗能力	レスポンススキル	水		4				対象の起動能力の起動一つを打ち消す	
154	転送	レスポンススキル	水		3				対象のユニットの召喚一つを打ち消し、それを持ち主のブックの一番上に戻す。	
155	勧誘	呪い	水		4				"対戦相手のスキルテーブルに以下の呪いを生成する
 経文　呪い　コスト４"	
156	恵みの信仰	オーラスキル	水	プリースト	8				-プリーストは+1/+2	
157	魔力漏えい	レスポンススキル	水	メイジ	6(4)				対戦相手がスキルを使用した時にのみ使用できる。対戦相手が追加でコスト４を支払わない限り、そのスキルを打ち消す。	
158	思考の圧縮	スキル	水		3				カードを一枚引く	
159	質屋	スキル	水		2				カードを一枚引く。その後、あなたのスキルテーブルか切り札を１枚、あなたのブックの一番下に戻す	
160	今引き	スキル	水		2				カードを一枚引き、切り札にいれる	
161	強欲な壷	スキル	水		4				カードを２枚引く	
162	知識の雨	レスポンススキル	水	メイジ	8				あなたのスキルテーブルにカードが一枚もない場合、カードを４枚引く	
163	集中	スキル	水		6				カードを３枚引く	
164	次元の突っかかり	レスポンススキル	水		5				あなたのエリアで対戦相手のユニットが移動しようとした時のみ使用できる。その移動を無効化し、１ダメージ	
165	屋敷	スキル	水		1				"このスキルは発動できない
このスキルがゲームから取り除かれた時、あなたのHP+2"	
166	治癒の軟膏	レスポンススキル	水		2				対象のユニットのHP+3	
167	騒ぎ屋	呪い	水		8				"対戦相手のスキルテーブルに以下の呪いを生成する
　騒ぎ屋　呪い　コスト８
　-あなたのターン開始時、あなたのユニット１体を消耗状態にする対戦相手の"	
168	呪詛の注入	呪い	水	プリースト	10				"ライン１　対象の対戦相手のヒーローのスキルテーブル全てに以下の呪を生成する
　呪詛　呪い　コスト３"	
169	西の寺院	土地	水						この上にいるプリーストは、あなたの「西の寺院」一つにつきAT+1	
170	僧兵の詰め所	土地	水						この上に移動したユニットに３ダメージ	
171	奇跡の石碑	土地	水						あなたのエリアに二つ以上の「奇跡の石碑」がある場合、ユニットがこの上に移動した場合、コスト５を支払ってもよい。そうした場合、その時点でそのユニットの移動を終了し、この土地以外の「奇跡の石碑」一つを選び、可能であればそのユニットをそこへ強制移動する	
172	古騎士ヴォイド	ユニット、ヒーロー	光	ウォーリアー		1	18	1	"-聖剣　：このユニットが闇属性のユニットを攻撃するとき、AT+3
-聖甲冑：このユニットが受ける闇属性ダメージ-2
-信徒　：このユニットは闇属性のスキルを使用できない"	
173	双剣の踊り子マキナ	ユニット、ヒーロー	光	ウォーリアー		2	14	1	-舞踏破　：このユニットがユニットを通常攻撃で破壊したとき、追加の移動を行う	
174	光の残映	ユニット	光	エレメンタル	4	3	4	0		
175	栄光の凱旋	バインドスキル	光		4				ヒーローにのみバインドできる。対象のユニットは+1/+1	
176	忘れられた祈り	スキル	光		3				対象のユニットのHP+3	
177	闇への追放	スキル	光		8				対象のヒーローではない闇属性のユニットを破壊する。	
178	稲妻の剣	スキル	光		6				ライン３　対象のユニットに３ダメージ	
179	茨の双剣	バインドスキル	光		7			 	"バインドされたユニットは、以下の能力を持つ
 +コスト４TR：戦闘フェイズ中にのみ発動できる。追加の通常攻撃を行う。"	
180	火の因子	スキル	光		6				対象のユニットに２ダメージ	
181	地の因子	スキル	光		6				あなたのブックから地属性のユニット一体を探し出し、スキルテーブルか切り札に加える	
182	風の因子	スキル	光		6				対象のユニット１体を１マス強制移動させる	
183	水の因子	スキル	光		6				対象のヒーローではないユニット１体を送還する	
184	威光	スキル	光		12				あなたのエリアにいる、ヒーローではない全ての闇属性のユニットを送還する	
185	神威	スキル	光		9				"全てのユニットに１ダメージを与える。
全ての闇属性のユニットに２ダメージを与える。
全てのプレイヤーはスキルテーブルか手札１枚を捨てる。
闇属性のヒーローは、スキルテーブルか手札１枚を捨てる。
"	
186	泥人形デイ	ユニット、ヒーロー	闇	ローグ		1	25	0	+這いずり回り　コスト４：ターン終了時まで、このユニットのSPは1になる	
187	路地裏の金棒ウグ	ユニット、ヒーロー	闇	ウォーリアー、ゴルサール		5	16	1	-彼らのカリスマ：あなたは常にゴルサールを召喚できる代わりに、ゴルサールのコストは安くならない。	
188	敷符師ヴォルフガング	ユニット、ヒーロー	闇	メイジ		1	16	1	"+譜面のはぎ取り　ライン３T：対象のユニットにバインドされているスキル全てを破壊する
+無謀符　TR：対象のユニットはターン終了時まで、以下の能力を持つ
　-このユニットに名前は無く、いずれのクラスも持たず、これ以外になんの能力もない
"	
189	暗殺者レティ	ユニット、ヒーロー	闇	ローグ		1	14	2	"-暗殺：このユニットが対戦相手のヒーローではないユニットを攻撃するとき、このユニットがそのユニットの背後にいるなら、通常戦闘を行わずにそのユニットを破壊する。
+毒のナイフ　T：ターン終了時まで、このユニットは遠隔攻撃２を得る"	
190	小悪党	ユニット	闇	ローグ	3	1	1	2		
191	牙のゴルサール	ユニット	闇	ゴルサール	3	2	1	1	-このユニットは、可能であれば毎ターン移動しなければならない。	
192	巾着切り	ユニット	闇	ローグ	5	2	3	1	-このユニットがヒーローにダメージを与えるたびに、そのヒーローは手札かスキルテーブルを１枚捨てる	
193	三つ目の栗田	ユニット、キャスト	闇	デーモン	6(4)	1	3	1	-このユニットが場から墓地へ送られたとき、あなたのブックから攻撃力2以下のユニット１体を探し出し、手札かスキルテーブルに加える	
194	森の魔術師黒木	ユニット、キャスト	闇	メイジ	6(4)	1	1	1	-このユニットが場から墓地へ送られたとき、あなたのブックから防御力２以下のユニット１体を探し出し、手札からスキルテーブルに加える	
195	スピアインプ	ユニット	闇	デーモン	5	2	1	1	-このユニットはあなたのターンの間のみ飛行を持つ	
196	屠るデーモン	ユニット	闇	デーモン	6	5	4	1	-このユニットが召喚されたとき、追加コストとして、闇属性でないユニット１体を生け贄にする。そうしない場合、このユニットを生け贄にする。	
197	シャドウデーモン	ユニット	闇	デーモン	4	0	3	1	"-このユニットは通常攻撃では破壊されない。
-このユニットのエリア1にいる全てのユニットは-1/-1"	
198	追放する死神	ユニット	闇	デーモン	7	3	3	2	-このユニットが通常攻撃でユニットを破壊した場合、それをゲームから取り除く	
199	虫孕み	ユニット	闇	ゴルサール	5	2	2	1	"-このユニットが場から墓地におかれたとき、以下の能力を持つユニットを２体召喚する。
　虫　ユニット　闇　虫　1/1 SP2　"	
200	呪詛の権化	ユニット	闇	メイジ	4	1	1	1	"-このユニットが墓地へ置かれたとき、対戦相手に１ダメージ
-このユニットが場から墓地へ置かれたとき、対戦相手に１ダメージ
-このユニットが破壊されたとき、対戦相手に１ダメージ
-このユニットがゲームから取り除かれたとき、あなたに５ダメージ"	
201	貪り食う者	ユニット	闇	アンデッド	7	2	2	1	+R　ユニット一体を生け贄にする：ターン終了時まで+2/+2	
202	強要	スキル	闇		3(1)				対戦相手は、スキルテーブルか手札１枚を墓地に送る	
203	血の儀式	スキル	闇		4				追加コストとしてライフを3支払う。スキルテーブルか手札から、コスト8までのユニット一体を召喚する	
204	闇の追放	スキル	闇		5				ライン２　対象のヒーローでも闇属性でもないユニット一体をゲームから取り除く	
205	次元への嘆願	スキル	闇		5				追加コストとしてユニット１体を生け贄にする。対象のヒーローでも闇属性でもないユニット１体をゲームから取り除く	
206	蝕む祈り	スキル	闇		6				"あなたのスキルテーブルに、以下の能力を持つ呪いを生成する
　蝕む祈り　呪い　コスト10　あなたのHP+5"	
207	硫黄の軟膏	スキル	闇		4				対象のヒーローではないダメージを受けているユニット１体を破壊する	
208	衰弱	スキル	闇		4				対象のユニットはターン終了時まで-3/-3	
209	命乞い	レスポンススキル	闇		6				スキルテーブルのカード全てを墓地に送る。このターン、あなたは通常攻撃されない。	
210	死者粗製	スキル	闇		10				あなたか対戦相手の墓地にいるユニット１体を召喚する。ターン終了時に、そのユニットをゲームから取り除く。	
211	再生	スキル	闇		6				あなたの墓地にいる闇属性のユニット１体を召喚する。	
212	遠巻きな追放	スキル	闇		5				あなたのユニット１体をゲームから取り除く。対戦相手のユニット１体を送還し、対戦相手のブックの一番下に戻す	
213	蝕む決意	スキル	闇		6				追加コストとしてライフを6支払う。対戦相手に５ダメージ。	
214	偏頭痛	スキル	闇		6				各プレイヤーは、手札かスキルテーブル２枚を墓地に送る	
215	悪夢	オーラスキル	闇		6				-各プレイヤーは、カードを引くたびに１ダメージ	
216	裏路地	土地	闇						この上にいるローグは通常攻撃されない	
217	野党のねぐら	土地	闇						"この土地が探索されたとき、この上にいるユニットのオーナーがコスト４を支払わない限り、そのユニットに5ダメージ
+ ：この上にユニットがいないとき、この土地を未探索にする。"	
218	避難所	土地	闇						この上にいるローグでないユニットはATが0になる	
219	奴隷市場	土地	闇						+　この上にいるヒーローでないユニットを生け贄にする：そのユニットのオーナーはカードを２枚引く。この効果は、各プレイヤーが起動できる。	
